INSERT INTO "concert" (id,date,location,name) VALUES (1,'2019, 05, 16','Vizianagaram','vulputate, risus'),(2,'2019, 11, 13','Montelupo Fiorentino','odio sagittis semper.'),(3,'2019, 12, 02','Ransart','eu nulla at'),(4,'2018, 11, 08','Calco','porttitor interdum. Sed'),(5,'2019, 04, 14','Camporotondo di Fiastrone','bibendum'),(6,'2019, 08, 14','Ercolano','et'),(7,'2019, 03, 13','Oetingen','parturient montes, nascetur ridiculus'),(8,'2018, 09, 28','Barmouth','dui, semper et,'),(9,'2018, 06, 28','Tarrasa','id magna et ipsum'),(10,'2019, 03, 17','Ilesa','nulla magna, malesuada');
INSERT INTO "concert" (id,date,location,name) VALUES (11,'2018, 04, 27','Braunschweig','orci lobortis augue'),(12,'2019, 08, 16','Bridgeport','tincidunt. Donec vitae'),(13,'2019, 12, 23','Thionville','Mauris'),(14,'2018, 09, 20','Bertiolo','ac'),(15,'2018, 04, 05','Vico del Gargano','leo,'),(16,'2020, 02, 13','Denny','nec mauris blandit mattis.'),(17,'2019, 08, 03','Watford','dictum eu, eleifend'),(18,'2020, 03, 12','Renfrew','accumsan convallis, ante lectus'),(19,'2018, 12, 23','Pessac','vitae diam. Proin'),(20,'2019, 02, 12','Bhatinda','aliquet, sem');
INSERT INTO "concert" (id,date,location,name) VALUES (21,'2019, 06, 28','Laakdal','vitae dolor. Donec'),(22,'2019, 02, 02','Siverek','dis parturient montes, nascetur'),(23,'2019, 11, 01','Van','porttitor tellus non magna.'),(24,'2019, 09, 06','Amstetten','dictum eu,'),(25,'2019, 12, 08','Illapel','sem semper erat, in'),(26,'2019, 08, 13','Butte','ipsum'),(27,'2019, 04, 18','Piła','in consequat enim'),(28,'2018, 03, 22','Halberstadt','molestie'),(29,'2019, 09, 28','San Sostene','risus. Morbi'),(30,'2018, 10, 01','Sagamu','nisi dictum augue');



INSERT INTO "concert_performers" (concert_id, performers) VALUES (1, 'Declan'),(2, 'Ferdinand'),(3, 'Audrey'),(4, 'Yasir'),(5, 'Courtney'),(6, 'Xanthus'),(7, 'Merrill'),(8, 'Lester'),(9, 'Hakeem'),(10, 'Hammett');
INSERT INTO "concert_performers" (concert_id, performers) VALUES (11, 'Nissim'),(12, 'Alan'),(13, 'Demetrius'),(14, 'Marvin'),(15, 'Geraldine'),(16, 'Virginia'),(17, 'Hanae'),(18, 'Jarrod'),(19, 'Grace'),(20, 'Colby');
INSERT INTO "concert_performers" (concert_id, performers) VALUES (21, 'Lynn'),(22, 'Lareina'),(23, 'Sage'),(24, 'Griffith'),(25, 'Gary'),(26, 'Flynn'),(27, 'Lilah'),(28, 'Halla'),(29, 'Valentine'),(30, 'Alec');


INSERT INTO "concert_ticket" (id,place,price, event_id, place_type) VALUES (1,1,2494, 2, 'STANDING'),(2,2,967, 2, 'STANDING'),(3,3,2219, 2, 'SITTING'),(4,4,1608, 2, 'SITTING'),(5,5,1581, 4, 'STANDING'),(6,6,2196, 4, 'SITTING'),(7,7,318, 4, 'SITTING'),(8,8,925, 6, 'STANDING'),(9,9,2410, 5, 'STANDING'),(10,10,1884, 5, 'STANDING'),(11,11,350, 5, 'SITTING'),(12,12,1769, 7, 'STANDING'),(13,13,1070, 7, 'STANDING'),(14,14,1673, 6, 'SITTING'),(15,15,2559, 6, 'SITTING'),(16,16,2721, 12, 'STANDING'),(17,17,2073, 12, 'STANDING'),(18,18,2434, 13, 'STANDING'),(19,19,476, 15, 'SITTING'),(20,20,2224, 15, 'SITTING'),(21,21,1990, 15, 'SITTING'),(22,22,2352, 15, 'SITTING'),(23,23,2514, 17, 'STANDING'),(24,24,1842, 17, 'STANDING'),(25,25,1502, 17, 'SITTING'),(26,26,717, 18, 'STANDING'),(27,27,2545, 18, 'STANDING'),(28,28,1028, 18, 'SITTING'),(29,29,806, 18, 'STANDING'),(30,30,2538, 18, 'SITTING'),(31,31,1068, 20, 'STANDING'),(32,32,2640, 21, 'SITTING'),(33,33,1543, 21, 'STANDING'),(34,34,537, 21, 'STANDING'),(35,35,1769, 23, 'SITTING'),(36,36,2124, 23, 'SITTING'),(37,37,469, 25, 'STANDING'),(38,38,1541, 25, 'SITTING'),(39,39,2977, 25, 'SITTING'),(40,40,578, 30, 'STANDING'),(41,41,1115, 30, 'SITTING'),(42,42,1180, 30, 'STANDING'),(43,43,1332, 30, 'SITTING'),(44,44,855, 8, 'STANDING'),(45,45,1579, 11, 'SITTING'),(46,46,1272, 20, 'STANDING'),(47,47,1948, 25, 'SITTING'),(48,48,660, 17, 'SITTING'),(49,49,2021, 17, 'STANDING'),(50,50,1142, 15, 'STANDING');
INSERT INTO "concert_ticket" (id,place,price, event_id, place_type) VALUES (51,51,1728, 1, 'SITTING'),(52,52,2044, 1, 'STANDING'),(53,53,1660, 2, 'SITTING'),(54,54,1367, 2, 'STANDING'),(55,55,2427, 4, 'SITTING'),(56,56,1019, 4, 'SITTING'),(57,57,1021, 4, 'STANDING'),(58,58,1255, 3, 'SITTING'),(59,59,1160, 3, 'SITTING'),(60,60,2687, 3, 'STANDING'),(61,61,329, 6, 'STANDING'),(62,62,1460, 9, 'SITTING'),(63,63,2004, 10, 'STANDING'),(64,64,2436, 11, 'SITTING'),(65,65,962, 12, 'STANDING'),(66,66,1322, 20, 'SITTING'),(67,67,1395, 7, 'SITTING'),(68,68,2222, 25, 'SITTING'),(69,69,2816, 23, 'STANDING'),(70,70,1773, 23, 'SITTING'),(71,71,1471, 29, 'SITTING'),(72,72,2747, 24, 'STANDING'),(73,73,1355, 21, 'SITTING'),(74,74,2535, 20, 'STANDING'),(75,75,1860, 3, 'STANDING'),(76,76,2683, 4, 'SITTING'),(77,77,1177, 6, 'STANDING'),(78,78,2348, 8, 'SITTING'),(79,79,2740, 10, 'STANDING'),(80,80,2073, 15, 'STANDING'),(81,81,2134, 15, 'STANDING'),(82,82,1726, 23, 'SITTING'),(83,83,2796, 17, 'STANDING'),(84,84,1423, 14, 'SITTING'),(85,85,322, 26, 'STANDING'),(86,86,2020, 6, 'SITTING'),(87,87,1524, 7, 'STANDING'),(88,88,2114, 5, 'STANDING'),(89,89,2699, 16, 'STANDING'),(90,90,1073, 23, 'STANDING'),(91,91,1671, 17, 'SITTING'),(92,92,837, 19, 'STANDING'),(93,93,1280, 20, 'SITTING'),(94,94,2281, 5, 'STANDING'),(95,95,2641, 4, 'SITTING'),(96,96,2259, 19, 'STANDING'),(97,97,2986, 18, 'SITTING'),(98,98,1641, 18, 'SITTING'),(99,99,1914, 18, 'STANDING'),(100,100,2984, 19, 'SITTING');



